Device Name,Port,Description,PID,VID,SN,Operational_State
ARG-SF-02,FourHundredGigE0/0/0/10,Cisco QSFPDD 400G FR4 Pluggable Optics Module,QDD-400G-FR4-S,V01,CGC25290888,UP/UP
ARG-SF-02,FourHundredGigE0/0/0/11,Cisco QSFPDD 400G FR4 Pluggable Optics Module,QDD-400G-FR4-S,V01,CGC25290546,UP/UP
ARG-SF-02,FourHundredGigE0/0/0/12,Cisco QSFPDD 400G FR4 Pluggable Optics Module,QDD-400G-FR4-S,V01,CGC25290943,UP/UP
ARG-SF-02,FourHundredGigE0/0/0/13,Cisco QSFPDD 400G FR4 Pluggable Optics Module,QDD-400G-FR4-S,V01,CGC25230367,UP/UP
ARG-SF-02,FourHundredGigE0/0/0/14,Cisco QSFPDD 400G FR4 Pluggable Optics Module,QDD-400G-FR4-S,V01,CGC25290859,UP/UP
ARG-SF-02,HundredGigE0/0/0/17,Cisco QSFP28 100G SR4 Pluggable Optics Module,QSFP-100G-SR4-S,V02,AVF2146S55N,DOWN/DOWN
ARG-SF-02,HundredGigE0/0/0/19,Cisco QSFP28 100G AOC Pluggable Optics Module,QSFP-100G-AOC10M,V02,FIW214401ET-B,UP/UP
ARG-SF-02,HundredGigE0/0/0/20,Cisco QSFP28 100G LR4 Pluggable Optics Module,QSFP-100G-LR4-S,V02,OPM23410N21,UP/UP
ARG-SF-02,HundredGigE0/0/0/27,Cisco QSFP28 100G AOC Pluggable Optics Module,QSFP-100G-AOC1M,V01,FIW204202XC-B,DOWN/DOWN
ARG-SF-01,HundredGigE0/0/0/0,Cisco QSFP28 100G AOC Pluggable Optics Module,QSFP-100G-AOC10M,V02,FIW214401AQ-B,UP/UP
ARG-SF-01,HundredGigE0/0/0/9,Cisco QSFP28 100G FR Pluggable Optics Module,QSFP-100G-FR-S,V02,FBN2628A09Q,DOWN/DOWN
ARG-SF-01,FourHundredGigE0/0/0/10,Cisco QSFPDD 400G FR4 Pluggable Optics Module,QDD-400G-FR4-S,V01,CGC25290871,UP/UP
ARG-SF-01,FourHundredGigE0/0/0/11,Cisco QSFPDD 400G FR4 Pluggable Optics Module,QDD-400G-FR4-S,V01,CGC25230459,UP/UP
ARG-SF-01,FourHundredGigE0/0/0/12,Cisco QSFPDD 400G FR4 Pluggable Optics Module,QDD-400G-FR4-S,V01,CGC25230452,UP/UP
ARG-SF-01,FourHundredGigE0/0/0/13,Cisco QSFPDD 400G FR4 Pluggable Optics Module,QDD-400G-FR4-S,V01,CGC25290735,UP/UP
ARG-SF-01,FourHundredGigE0/0/0/14,Cisco QSFPDD 400G FR4 Pluggable Optics Module,QDD-400G-FR4-S,V01,CGC25230373,UP/UP
ARG-SF-01,HundredGigE0/0/0/16,Cisco QSFP28 100G LR4 Pluggable Optics Module,QSFP-100G-LR4-S,V01,FNS211508J7,DOWN/DOWN
ARG-SF-01,HundredGigE0/0/0/17,Cisco QSFP28 100G SR4 Pluggable Optics Module,QSFP-100G-SR4-S,V01,AVF2111G1HT,UP/UP
ARG-SF-01,HundredGigE0/0/0/19,Cisco QSFP28 100G AOC Pluggable Optics Module,QSFP-100G-AOC10M,V02,FIW214401Y8-B,UP/UP
ARG-SF-01,HundredGigE0/0/0/20,Cisco QSFP28 100G SR4 Pluggable Optics Module,QSFP-100G-SR4-S,V02,AVF2146S2CD,UP/UP
ARG-SF-01,HundredGigE0/0/0/25,Cisco QSFP28 100G AOC Pluggable Optics Module,QSFP-100G-AOC10M,V02,FIW21440216-A,UP/UP
ARG-SF-01,HundredGigE0/0/0/27,Cisco QSFP28 100G AOC Pluggable Optics Module,QSFP-100G-AOC1M,V01,FIW204202XC-A,DOWN/DOWN
ARG-SF-01,FortyGigE0/0/0/30,Cisco QSFP+ 40G SR4 Pluggable Optics Module,QSFP-40G-SR4-S,V02,AVP2026S08B,DOWN/DOWN
ARE-93180-1,"""Chassis""","""Nexus9000 C93180YC-FX3 Chassis""",N9K-C93180YC-FX3,N/A,FDO25480L0P,DOWN
ARE-93180-1,"""Slot 1""","""48x10/25G + 6x40/100G Ethernet Module""",N9K-C93180YC-FX3,N/A,FDO25480L0P,DOWN
ARE-93180-1,"""Slot 27""","""48x10/25G + 6x40/100G Ethernet Module""",N9K-C93180YC-FX3,N/A,FDO25480L0P,DOWN
ARE-93180-1,"""Power Supply 1""","""Nexus9000 C93180YC-FX3 Chassis Power Supply""",NXA-PAC-650W-PI,N/A,LIT2538A532,DOWN
ARE-93180-1,"""Power Supply 2""","""Nexus9000 C93180YC-FX3 Chassis Power Supply""",NXA-PAC-650W-PI,N/A,LIT2538A529,DOWN
ARE-93180-1,"""Fan 1""","""Nexus9000 C93180YC-FX3 Chassis Fan Module""",NXA-FAN-35CFM-PI,N/A,N/A,DOWN
ARE-93180-1,"""Fan 2""","""Nexus9000 C93180YC-FX3 Chassis Fan Module""",NXA-FAN-35CFM-PI,N/A,N/A,DOWN
ARE-93180-1,"""Fan 3""","""Nexus9000 C93180YC-FX3 Chassis Fan Module""",NXA-FAN-35CFM-PI,N/A,N/A,DOWN
ARE-93180-1,"""Fan 4""","""Nexus9000 C93180YC-FX3 Chassis Fan Module""",NXA-FAN-35CFM-PI,N/A,N/A,DOWN
ARE-93180-1,Ethernet1/4,CISCO-SUMITOMO,SFP-10G-SR,N/A,SPC15170B1G,UP
ARE-93180-1,Ethernet1/5,CISCO-SUMITOMO,SFP-10G-SR,N/A,SPC1518078W,UP
ARE-93180-1,Ethernet1/6,CISCO-SUMITOMO,SFP-10G-SR,N/A,SPC151800CK,UP
ARE-93180-1,Ethernet1/7,CISCO-SUMITOMO,SFP-10G-SR,N/A,SPC15170AJ2,UP
ARE-93180-1,Ethernet1/8,CISCO-SUMITOMO,SFP-10G-SR,N/A,SPC15170BNP,UP
ARE-93180-1,Ethernet1/9,CISCO-SUMITOMO,SFP-10G-SR,N/A,SPC15170B6H,UP
ARE-93180-1,Ethernet1/10,CISCO-OPLINK,SFP-10G-SR,N/A,OPM254117QM,UP
ARE-93180-1,Ethernet1/11,CISCO-SUMITOMO,SFP-10G-SR,N/A,SPC15170BHN,UP
ARE-93180-1,Ethernet1/12,CISCO-METHODE,GLC-T,N/A,MTC18350CNN,UP
ARE-93180-1,Ethernet1/17,CISCO-FINISAR,SFP-10G-SR,N/A,FNS154326VD,ADMIN_DOWN
ARE-93180-1,Ethernet1/18,CISCO-JDSU,SFP-10G-SR,N/A,JUR2020G07A,ADMIN_DOWN
ARE-93180-1,Ethernet1/19,CISCO-JDSU,SFP-10G-SR,N/A,JUR18480E0U,ADMIN_DOWN
ARE-93180-1,Ethernet1/20,CISCO-FINISAR,SFP-25G-SR-S,N/A,FNS231708UG,UP
ARE-93180-1,Ethernet1/21,CISCO-FINISAR,SFP-25G-SR-S,N/A,FNS231709JL,UP
ARE-93180-1,Ethernet1/49/1,CISCO,QSFP-40G-SR4,N/A,FIS180600HH,UP
ARE-93180-1,Ethernet1/49/2,CISCO,QSFP-40G-SR4,N/A,FIS180600HH,UP
ARE-93180-1,Ethernet1/49/3,CISCO,QSFP-40G-SR4,N/A,FIS180600HH,UP
ARE-93180-1,Ethernet1/49/4,CISCO,QSFP-40G-SR4,N/A,FIS180600HH,UP
ARE-93180-1,Ethernet1/51,CISCO-FOIT,QSFP-40/100-SRBD,N/A,FOF2208N01Y,ADMIN_DOWN
ARE-93180-1,Ethernet1/52,CISCO-FOIT,QSFP-40/100-SRBD,N/A,FOF2319N1W0,ADMIN_DOWN
ARE-93180-1,Ethernet1/53,CISCO-AVAGO,QSFP-100G-SR4-S,N/A,AVF2051G03C,UP
ORC43,FourHundredGigE0/0/0/9,Cisco QSFPDD 400G DR4 Pluggable Optics Module,QDD-400G-DR4-S,V02,INL26040C32,DOWN/DOWN
ORC43,HundredGigE0/1/0/0,Cisco QSFP28 100G SR4 Pluggable Optics Module,QSFP-100G-SR4-S,V03,FIW250302NY,UP/UP
ORC43,HundredGigE0/1/0/1,Cisco QSFP28 100G SR4 Pluggable Optics Module,QSFP-100G-SR4-S,V03,INP2831004H,UP/UP
ORC43,HundredGigE0/1/0/2,Cisco QSFP28 100G LR Pluggable Optics Module,QSFP-100G-LR-S,V02,FBN2739B01H,DOWN/DOWN
ORC43,HundredGigE0/1/0/11,Cisco QSFP28 100G SR4 Pluggable Optics Module,QSFP-100G-SR4-S,V03,INL23351384,UP/UP
ORC43,HundredGigE0/1/0/32,Cisco QSFP28 100G SR4 Pluggable Optics Module,QSFP-100G-SR4-S,V02,AVF2212S0PN,UP/UP
ORC43,HundredGigE0/1/0/34,Cisco QSFP28 100G AOC Pluggable Optics Module,QSFP-100G-AOC3M,V03,INL26100B7K-B,DOWN/DOWN
ORC43,HundredGigE0/1/0/35,Cisco QSFP28 100G SR4 Pluggable Optics Module,QSFP-100G-SR4-S,V01,AVF2126G11J,DOWN/DOWN
ORC42,HundredGigE0/1/0/1,Cisco QSFP28 100G SR4 Pluggable Optics Module,QSFP-100G-SR4-S,V03,INL23352057,DOWN/DOWN
ORC42,HundredGigE0/1/0/2,Cisco QSFP28 100G LR4 Pluggable Optics Module,QSFP-100G-LR4-S,V01,FNS20350J6N,DOWN/DOWN
ORC42,HundredGigE0/1/0/3,Cisco QSFP28 100G LR4 Pluggable Optics Module,QSFP-100G-LR4-S,V01,FNS2132074P,DOWN/DOWN
ORC42,HundredGigE0/1/0/4,Cisco QSFP28 100G LR4 Pluggable Optics Module,QSFP-100G-LR4-S,V01,FNS20440RYS,DOWN/DOWN
ORC42,HundredGigE0/1/0/5,Cisco QSFP28 100G LR4 Pluggable Optics Module,QSFP-100G-LR4-S,V01,FNS21150NJH,DOWN/DOWN
ORC42,HundredGigE0/1/0/6,Cisco QSFP28 100G LR4 Pluggable Optics Module,QSFP-100G-LR4-S,V01,FNS21370Z6J,DOWN/DOWN
ORC42,HundredGigE0/1/0/7,Cisco QSFP28 100G LR4 Pluggable Optics Module,QSFP-100G-LR4-S,V01,FNS211512JN,DOWN/DOWN
ORC42,HundredGigE0/1/0/8,Cisco QSFP28 100G SR4 Pluggable Optics Module,QSFP-100G-SR4-S,V01,AVF2129G2NN,UP/UP
ORC42,HundredGigE0/1/0/10,Cisco QSFP28 100G SR4 Pluggable Optics Module,QSFP-100G-SR4-S,V01,AVF2112G0CR,UP/UP
ORC42,FortyGigE0/1/0/25,Cisco QSFP+ 40G SR4 Pluggable Optics Module,QSFP-40G-SR4,V02,FIS1811029V,DOWN/DOWN
ORC42,HundredGigE0/1/0/28,Cisco QSFP28 100G AOC Pluggable Optics Module,QSFP-100G-AOC10M,V02,FIW230400GP-B,UP/UP
ORC42,HundredGigE0/1/0/29,Cisco QSFP28 100G AOC Pluggable Optics Module,QSFP-100G-AOC10M,V02,FIW214401BZ-A,UP/UP
ORC42,HundredGigE0/1/0/30,Cisco QSFP28 100G SR4 Pluggable Optics Module,QSFP-100G-SR4-S,V01,AVF2129G2BR,DOWN/DOWN
ORC42,HundredGigE0/1/0/34,Cisco QSFP28 100G SR4 Pluggable Optics Module,QSFP-100G-SR4-S,V03,INL23351352,DOWN/DOWN
ORC42,HundredGigE0/1/0/35,Cisco QSFP28 100G SR4 Pluggable Optics Module,QSFP-100G-SR4-S,V03,INL23351343,DOWN/DOWN
ORC42,FourHundredGigE0/2/0/0,Cisco QSFPDD 400G FR4 Pluggable Optics Module,QDD-400G-FR4-S,V01,INL24322318,UP/UP
ORC42,FourHundredGigE0/2/0/10,Cisco QSFPDD 400G FR4 Pluggable Optics Module,QDD-400G-FR4-S,V01,CGC25290892,UP/UP
ORC42,FourHundredGigE0/2/0/11,Cisco QSFPDD 400G FR4 Pluggable Optics Module,QDD-400G-FR4-S,V01,CGC25290949,UP/UP
ORC42,FourHundredGigE0/2/0/12,Cisco QSFPDD 400G FR4 Pluggable Optics Module,QDD-400G-FR4-S,V01,CGC25290857,UP/UP
ORC42,FourHundredGigE0/3/0/2,Cisco QSFPDD 400G FR4 Pluggable Optics Module,QDD-400G-FR4-S,V01,INL24322379,UP/UP
ORC41,HundredGigE0/0/0/1,Cisco QSFP28 100G SR4 Pluggable Optics Module,QSFP-100G-SR4-S,V01,AVF2126G14F,UP/UP
ORC41,HundredGigE0/0/0/2,Cisco QSFP28 100G SR BD Pluggable Optics Module,QSFP-40/100-SRBD,V01,FOF2241N4ZB,DOWN/DOWN
ORC41,HundredGigE0/0/0/6,Cisco QSFP28 100G SR4 Pluggable Optics Module,QSFP-100G-SR4-S,V01,AVF2125G0AC,UP/UP
ORC41,HundredGigE0/0/0/9,Cisco QSFP28 100G SR BD Pluggable Optics Module,QSFP-40/100-SRBD,V02,FTF2342N0N2,DOWN/DOWN
ORC41,HundredGigE0/0/0/11,Cisco QSFP28 100G SR4 Pluggable Optics Module,QSFP-100G-SR4-S,V02,AVF2212S0Z1,UP/UP
ORC41,HundredGigE0/0/0/15,Cisco QSFP28 100G SR4 Pluggable Optics Module,QSFP-100G-SR4-S,V01,AVF2023G071,UP/UP
ORC41,HundredGigE0/0/0/16,Cisco QSFP28 100G SR4 Pluggable Optics Module,QSFP-100G-SR4-S,V01,AVF2111G18A,DOWN/DOWN
ORC41,HundredGigE0/0/0/17,Cisco QSFP28 100G SR4 Pluggable Optics Module,QSFP-100G-SR4-S,V01,AVF2109G061,UP/UP
ORC41,HundredGigE0/0/0/18,Cisco QSFP28 100G SR4 Pluggable Optics Module,QSFP-100G-SR4-S,V01,AVF2111G1AG,UP/UP
ORC41,HundredGigE0/0/0/34,Cisco QSFP28 100G SR4 Pluggable Optics Module,QSFP-100G-SR4-S,V01,AVF2111G1H5,DOWN/DOWN
ORC41,HundredGigE0/0/0/35,Cisco QSFP28 100G SR4 Pluggable Optics Module,QSFP-100G-SR4-S,V03,INL23351349,DOWN/DOWN
ORC41,HundredGigE0/1/0/0,Cisco QSFP28 100G SR4 Pluggable Optics Module,QSFP-100G-SR4-S,V03,INL23351350,DOWN/DOWN
ORC41,HundredGigE0/1/0/3,Cisco QSFP28 100G LR4 Pluggable Optics Module,QSFP-100G-LR4-S,V01,FNS20490MFD,DOWN/DOWN
ORC41,HundredGigE0/1/0/4,Cisco QSFP28 100G LR4 Pluggable Optics Module,QSFP-100G-LR4-S,V01,FNS20430C05,DOWN/DOWN
ORC41,HundredGigE0/1/0/6,Cisco QSFP28 100G SR4 Pluggable Optics Module,QSFP-100G-SR4-S,V03,AVF2302S1K2,UP/UP
ORC41,HundredGigE0/1/0/7,Cisco QSFP28 100G SR4 Pluggable Optics Module,QSFP-100G-SR4-S,V01,AVF2111G1B6,UP/UP
ORC41,FortyGigE0/1/0/25,Cisco QSFP+ 40G SR4 Pluggable Optics Module,QSFP-40G-SR4,V02,FIS1734006S,DOWN/DOWN
ORC41,HundredGigE0/1/0/35,Cisco QSFP28 100G SR4 Pluggable Optics Module,QSFP-100G-SR4-S,V03,INL23351394,DOWN/DOWN
ORC41,FourHundredGigE0/2/0/0,Cisco QSFPDD 400G FR4 Pluggable Optics Module,QDD-400G-FR4-S,V01,INL24322406,UP/UP
ORC41,HundredGigE0/2/0/9,Cisco QSFP28 100G FR Pluggable Optics Module,QSFP-100G-FR-S,V02,FBN2628A0CN,DOWN/DOWN
ORC41,FourHundredGigE0/2/0/10,Cisco QSFPDD 400G FR4 Pluggable Optics Module,QDD-400G-FR4-S,V01,CGC25230368,UP/UP
ORC41,FourHundredGigE0/2/0/11,Cisco QSFPDD 400G FR4 Pluggable Optics Module,QDD-400G-FR4-S,V01,CGC25290496,UP/UP
ORC41,FourHundredGigE0/2/0/12,Cisco QSFPDD 400G FR4 Pluggable Optics Module,QDD-400G-FR4-S,V01,CGC25230321,UP/UP
ORC41,FourHundredGigE0/3/0/2,Cisco QSFPDD 400G FR4 Pluggable Optics Module,QDD-400G-FR4-S,V01,INL24322409,UP/UP
ORC41,FourHundredGigE0/3/0/5,Cisco QSFPDD 400G DR4 Pluggable Optics Module,QDD-400G-DR4-S,V01,INL24332695,DOWN/DOWN
ORC44,FourHundredGigE0/0/0/1,Cisco QSFPDD 400G FR4 Pluggable Optics Module,QDD-400G-FR4-S,V01,CGC26250480,DOWN/DOWN
ORC44,HundredGigE0/1/0/0,Cisco QSFP28 100G SR BD Pluggable Optics Module,QSFP-40/100-SRBD,V02,FTM2401N1KD,UP/UP
ORC44,HundredGigE0/1/0/1,Cisco QSFP28 100G SR BD Pluggable Optics Module,QSFP-40/100-SRBD,V03,FTF2512N5U9,UP/UP
ORC44,HundredGigE0/1/0/11,Cisco QSFP28 100G SR4 Pluggable Optics Module,QSFP-100G-SR4-S,V01,AVF2124G292,UP/UP
ORC44,HundredGigE0/1/0/20,Cisco QSFP28 100G FR Pluggable Optics Module,QSFP-100G-FR-S,V02,FBN2611A2U9,UP/UP
ORC44,HundredGigE0/1/0/21,Cisco QSFP28 100G FR Pluggable Optics Module,QSFP-100G-FR-S,V02,FBN2628A0W9,UP/UP
ORC44,HundredGigE0/1/0/32,Cisco QSFP28 100G AOC Pluggable Optics Module,QSFP-100G-AOC10M,V02,FIW21440225-A,UP/UP
ORC44,HundredGigE0/1/0/34,Cisco QSFP28 100G AOC Pluggable Optics Module,QSFP-100G-AOC3M,V03,INL26100B7K-A,DOWN/DOWN
ORC44,HundredGigE0/1/0/35,Cisco QSFP28 100G SR4 Pluggable Optics Module,QSFP-100G-SR4-S,V01,AVF2125G398,DOWN/DOWN
ARG55a1-1,HundredGigE0/0/0/0,Cisco QSFP28 100G SR4 Pluggable Optics Module,QSFP-100G-SR4-S,V02,AVF2229S54R,UP/UP
ARG55a1-1,HundredGigE0/0/0/2,Cisco QSFP28 100G SR BD Pluggable Optics Module,QSFP-40/100-SRBD,V03,FTF2512N5UU,DOWN/DOWN
ARG55a1-1,HundredGigE0/0/0/3,Cisco QSFP28 100G SR BD Pluggable Optics Module,QSFP-40/100-SRBD,V03,FTF2512N9EN,DOWN/DOWN
ARG55a1-1,HundredGigE0/0/0/5,Cisco QSFP28 100G SR BD Pluggable Optics Module,QSFP-40/100-SRBD,V02,FTF2416N3SJ,DOWN/DOWN
ARG55a1-1,HundredGigE0/0/0/9,Cisco QSFP28 100G AOC Pluggable Optics Module,QSFP-100G-AOC10M,V04,DPZ2648B093-B,DOWN/DOWN
ARG55a1-1,HundredGigE0/0/0/10,Cisco QSFP28 100G FR Pluggable Optics Module,QSFP-100G-FR-S,V02,FBN2628A0DF,DOWN/DOWN
ARG55a1-1,HundredGigE0/0/0/11,Cisco QSFP28 100G FR Pluggable Optics Module,QSFP-100G-FR-S,V02,FBN2628A04Q,DOWN/DOWN
ARG55a1-1,HundredGigE0/0/0/12,Cisco QSFP28 100G SR BD Pluggable Optics Module,QSFP-40/100-SRBD,V01,FOF2217N50F,DOWN/DOWN
ARG55a1-1,HundredGigE0/0/0/13,Cisco QSFP28 100G AOC Pluggable Optics Module,QSFP-100G-AOC10M,V02,FIW21440215-B,DOWN/DOWN
ARG55a1-1,HundredGigE0/0/0/14,Cisco QSFP28 100G AOC Pluggable Optics Module,QSFP-100G-AOC10M,V02,FIW214401BT-A,DOWN/DOWN
ARG55a1-1,HundredGigE0/0/0/15,Cisco QSFP28 100G SR BD Pluggable Optics Module,QSFP-40/100-SRBD,V01,FOF2208N1NT,UP/UP
ARG55a1-1,HundredGigE0/0/0/16,Cisco QSFP28 100G SR BD Pluggable Optics Module,QSFP-40/100-SRBD,V01,FOF2210N0DW,UP/UP
ARG55a1-1,HundredGigE0/0/0/17,Cisco QSFP28 100G SR BD Pluggable Optics Module,QSFP-40/100-SRBD,V01,FOF2210N1LB,UP/UP
ARG55a1-1,HundredGigE0/0/0/18,Cisco QSFP28 100G SR BD Pluggable Optics Module,QSFP-40/100-SRBD,V01,FOF2319N1XA,UP/UP
ARG55a1-1,FortyGigE0/0/0/24,Cisco QSFP+ 40G SR4 Pluggable Optics Module,QSFP-40G-SR4,V02,AVP1951S0CQ,DOWN/DOWN
ARG55a1-1,HundredGigE0/0/0/26,Cisco QSFP28 100G SR BD Pluggable Optics Module,QSFP-40/100-SRBD,V01,FOF2319N1Z6,DOWN/DOWN
ARG55a1-1,HundredGigE0/0/0/30,Cisco QSFP28 100G FR Pluggable Optics Module,QSFP-100G-FR-S,V02,FBN2628A03Q,DOWN/DOWN
ARG55a1-1,HundredGigE0/0/0/31,Cisco QSFP28 100G FR Pluggable Optics Module,QSFP-100G-FR-S,V02,FBN2627A03J,DOWN/DOWN
ARG55a1-1,HundredGigE0/0/0/32,Cisco QSFP28 100G SR4 Pluggable Optics Module,QSFP-100G-SR4-S,V02,AVF2212S0PG,UP/UP
ARG55a1-2,HundredGigE0/0/0/0,Cisco QSFP28 100G SR4 Pluggable Optics Module,QSFP-100G-SR4-S,V03,AVF2302S1JG,UP/UP
ARG55a1-2,HundredGigE0/0/0/2,Cisco QSFP28 100G SR BD Pluggable Optics Module,QSFP-40/100-SRBD,V03,FTF2512N9F5,DOWN/DOWN
ARG55a1-2,HundredGigE0/0/0/3,Cisco QSFP28 100G SR BD Pluggable Optics Module,QSFP-40/100-SRBD,V03,FTF2512N9FD,DOWN/DOWN
ARG55a1-2,HundredGigE0/0/0/5,Cisco QSFP28 100G SR BD Pluggable Optics Module,QSFP-40/100-SRBD,V01,FOF2208N1NS,DOWN/DOWN
ARG55a1-2,HundredGigE0/0/0/6,Cisco QSFP28 100G SR4 Pluggable Optics Module,QSFP-100G-SR4-S,V02,AVF2140S38A,DOWN/DOWN
ARG55a1-2,HundredGigE0/0/0/9,Cisco QSFP28 100G FR Pluggable Optics Module,QSFP-100G-FR-S,V02,FBN2628A0MB,DOWN/DOWN
ARG55a1-2,HundredGigE0/0/0/10,Cisco QSFP28 100G AOC Pluggable Optics Module,QSFP-100G-AOC10M,V02,FIW230400GP-A,UP/UP
ARG55a1-2,HundredGigE0/0/0/11,Cisco QSFP28 100G AOC Pluggable Optics Module,QSFP-100G-AOC10M,V02,FIW214401BZ-B,UP/UP
ARG55a1-2,HundredGigE0/0/0/13,Cisco QSFP28 100G AOC Pluggable Optics Module,QSFP-100G-AOC10M,V02,FIW2144022U-A,DOWN/DOWN
ARG55a1-2,HundredGigE0/0/0/14,Cisco QSFP28 100G AOC Pluggable Optics Module,QSFP-100G-AOC10M,V02,FIW21440194-B,DOWN/DOWN
ARG55a1-2,HundredGigE0/0/0/15,Cisco QSFP28 100G SR BD Pluggable Optics Module,QSFP-40/100-SRBD,V01,FOF2319N03Y,UP/UP
ARG55a1-2,HundredGigE0/0/0/16,Cisco QSFP28 100G SR BD Pluggable Optics Module,QSFP-40/100-SRBD,V01,FOF2210N1KF,UP/UP
ARG55a1-2,HundredGigE0/0/0/17,Cisco QSFP28 100G SR BD Pluggable Optics Module,QSFP-40/100-SRBD,V01,FOF2210N04Z,UP/UP
ARG55a1-2,HundredGigE0/0/0/18,Cisco QSFP28 100G SR BD Pluggable Optics Module,QSFP-40/100-SRBD,V01,FOF2245N2CR,UP/UP
ARG55a1-2,HundredGigE0/0/0/25,Cisco QSFP28 100G SR BD Pluggable Optics Module,QSFP-40/100-SRBD,V01,FOF2217N3BG,DOWN/DOWN
ARG55a1-2,HundredGigE0/0/0/26,Cisco QSFP28 100G SR BD Pluggable Optics Module,QSFP-40/100-SRBD,V01,FOF2245N2BM,DOWN/DOWN
ARG55a1-2,HundredGigE0/0/0/27,Cisco QSFP28 100G LR4 Pluggable Optics Module,QSFP-100G-LR4-S,V01,FNS213700WX,DOWN/DOWN
ARG55a1-2,HundredGigE0/0/0/28,Cisco QSFP28 100G LR4 Pluggable Optics Module,QSFP-100G-LR4-S,V01,FNS21350T21,DOWN/DOWN
ARG55a1-2,HundredGigE0/0/0/30,Cisco QSFP28 100G SR BD Pluggable Optics Module,QSFP-40/100-SRBD,V01,FOF2319N1EX,DOWN/DOWN
ARG55a1-2,HundredGigE0/0/0/31,Cisco QSFP28 100G SR BD Pluggable Optics Module,QSFP-40/100-SRBD,V01,FOF2307N0J4,DOWN/DOWN
ARG55a1-2,HundredGigE0/0/0/32,Cisco QSFP28 100G AOC Pluggable Optics Module,QSFP-100G-AOC10M,V02,FIW21440225-B,UP/UP
ARG55a1-2,HundredGigE0/0/0/34,Cisco QSFP28 100G SR BD Pluggable Optics Module,QSFP-40/100-SRBD,V01,FOF2210N065,DOWN/DOWN
DRE-9364-1,"""Chassis""","""Nexus9000 C9364D-GX2A Chassis""",N9K-C9364D-GX2A,N/A,FDO24430U8N,DOWN
DRE-9364-1,"""Slot 1""","""64x400G QSFP-DD + 2x10G SFP+ Ethernet Module""",N9K-C9364D-GX2A,N/A,FDO24430U8N,DOWN
DRE-9364-1,"""Slot 27""","""64x400G QSFP-DD + 2x10G SFP+ Ethernet Module""",N9K-C9364D-GX2A,N/A,FDO24430U8N,DOWN
DRE-9364-1,"""Power Supply 1""","""Nexus9000 C9364D-GX2A Chassis Power Supply""",NXA-PAC-3KW-PI,N/A,DTM244101SY,DOWN
DRE-9364-1,"""Power Supply 2""","""Nexus9000 C9364D-GX2A Chassis Power Supply""",NXA-PAC-3KW-PI,N/A,DTM244101SZ,DOWN
DRE-9364-1,"""Fan 1""","""Nexus9000 C9364D-GX2A Chassis Fan Module""",NXA-FAN-160CFM2PI,N/A,N/A,DOWN
DRE-9364-1,"""Fan 2""","""Nexus9000 C9364D-GX2A Chassis Fan Module""",NXA-FAN-160CFM2PI,N/A,N/A,DOWN
DRE-9364-1,"""Fan 3""","""Nexus9000 C9364D-GX2A Chassis Fan Module""",NXA-FAN-160CFM2PI,N/A,N/A,DOWN
DRE-9364-1,"""Fan 4""","""Nexus9000 C9364D-GX2A Chassis Fan Module""",NXA-FAN-160CFM2PI,N/A,N/A,DOWN
DRE-9364-1,Ethernet1/1/1,CISCO,QSFP-40G-SR4,N/A,FIS181101RE,UP
DRE-9364-1,Ethernet1/1/2,CISCO,QSFP-40G-SR4,N/A,FIS181101RE,UP
DRE-9364-1,Ethernet1/1/3,CISCO,QSFP-40G-SR4,N/A,FIS181101RE,DOWN
DRE-9364-1,Ethernet1/1/4,CISCO,QSFP-40G-SR4,N/A,FIS181101RE,DOWN
DRE-9364-1,Ethernet1/5,CISCO-AVAGO,QSFP-100G-SR4-S,N/A,AVF2125G184,UP
DRE-9364-1,Ethernet1/6,CISCO-INNOLIGHT,QSFP-100G-SR4-S,N/A,INL23351380,UP
DRE-9364-1,Ethernet1/9,CISCO-CISCO,QSFP-100G-FR-S,N/A,FBN2628A0CP,DOWN
DRE-9364-1,Ethernet1/10,CISCO-CISCO,QSFP-100G-FR-S,N/A,FBN2628A0B5,UP
DRE-9364-1,Ethernet1/13,CISCO,QSFP-40G-SR4,N/A,AVP1648S1FF,UP
DRE-9364-1,Ethernet1/14,CISCO,QSFP-40G-SR4,N/A,FIS190901CX,UP
DRE-9364-1,Ethernet1/15,CISCO-CISCO,QSFP-100G-FR-S,N/A,FBN2611A2V7,UP
DRE-9364-1,Ethernet1/16,CISCO-CISCO,QSFP-100G-FR-S,N/A,FBN2611A2PM,UP
DRE-9364-1,Ethernet1/21,CISCO-AVAGO,QSFP-100G-SR4-S,N/A,AVF2225S1TG,UP
DRE-9364-1,Ethernet1/22,CISCO-AVAGO,QSFP-100G-SR4-S,N/A,AVF2212S0R7,UP
DRE-9364-1,Ethernet1/23,CISCO-FINISAR,SFP-10G-SR,N/A,FNS15491WNV,UP
DRE-9364-1,Ethernet1/24/1,CISCO,QSFP-40G-SR4,N/A,AVP1810S2UG,UP
DRE-9364-1,Ethernet1/24/2,CISCO,QSFP-40G-SR4,N/A,AVP1810S2UG,UP
DRE-9364-1,Ethernet1/24/3,CISCO,QSFP-40G-SR4,N/A,AVP1810S2UG,UP
DRE-9364-1,Ethernet1/24/4,CISCO,QSFP-40G-SR4,N/A,AVP1810S2UG,UP
DRE-9364-1,Ethernet1/27,CISCO-INNOLIGHT,QSFP-100G-SR4-S,N/A,INP282801FV,DOWN
DRE-9364-1,Ethernet1/28/1,CISCO,QSFP-40G-SR4,N/A,AVP1706S055,UP
DRE-9364-1,Ethernet1/28/2,CISCO,QSFP-40G-SR4,N/A,AVP1706S055,UP
DRE-9364-1,Ethernet1/28/3,CISCO,QSFP-40G-SR4,N/A,AVP1706S055,UP
DRE-9364-1,Ethernet1/28/4,CISCO,QSFP-40G-SR4,N/A,AVP1706S055,UP
DRE-9364-1,Ethernet1/29,CISCO-INNOLIGHT,QSFP-100G-SR4-S,N/A,INL23351393,UP
DRE-9364-1,Ethernet1/30,CISCO-INNOLIGHT,QSFP-100G-SR4-S,N/A,INL23351407,UP
DRE-9364-1,Ethernet1/31,CISCO-INNOLIGHT,QSFP-100G-SR4-S,N/A,INL23351386,UP
DRE-9364-1,Ethernet1/32,CISCO-AVAGO,QSFP-100G-SR4-S,N/A,AVF2221S1T9,DOWN
DRE-9364-1,Ethernet1/37,CISCO-FINISAR,QSFP-100G-AOC10M,N/A,FIW214401Z7-B,DOWN
DRE-9364-1,Ethernet1/38,CISCO-FINISAR,QSFP-100G-AOC10M,N/A,FIW214401EQ-A,DOWN
DRE-9364-1,Ethernet1/40,CISCO-FINISAR,QSFP-100G-AOC10M,N/A,FIW214401Y2-B,UP
DRE-9364-1,Ethernet1/41,CISCO-FOIT,QSFP-40/100-SRBD,N/A,FOF2319N3Z3,DOWN
DRE-9364-1,Ethernet1/42,CISCO-FOIT,QSFP-40/100-SRBD,N/A,FOF2306N114,DOWN
DRE-9364-1,Ethernet1/44,CISCO-CIG,QDD-400G-FR4-S,N/A,CGC26250614,DOWN
DRE-9364-1,Ethernet1/45,CISCO-FINISAR,QSFP-40G-SR4,N/A,FIW231302HJ,DOWN
DRE-9364-1,Ethernet1/46,CISCO,QSFP-40G-SR4,N/A,AVP1731S0FN,DOWN
DRE-9364-1,Ethernet1/48/1,CISCO,QSFP-40G-SR4,N/A,FIW192901TE,ADMIN_DOWN
DRE-9364-1,Ethernet1/48/2,CISCO,QSFP-40G-SR4,N/A,FIW192901TE,UP
DRE-9364-1,Ethernet1/48/3,CISCO,QSFP-40G-SR4,N/A,FIW192901TE,ADMIN_DOWN
DRE-9364-1,Ethernet1/48/4,CISCO,QSFP-40G-SR4,N/A,FIW192901TE,ADMIN_DOWN
DRE-9364-1,Ethernet1/52,CISCO-FINISAR,QSFP-100G-AOC2M,N/A,FIW204203GA-B,UP
DRE-9364-1,Ethernet1/54,CISCO-FINISAR,QSFP-100G-AOC10M,N/A,FIW214401DD-B,DOWN
DRE-9364-1,Ethernet1/63,CISCO-AVAGO,SFP-10G-SR,N/A,AGA16234B9Z,UP
DRE-9364-1,Ethernet1/64,CISCO-AVAGO,SFP-10G-SR,N/A,AGA16384836,UP
DRE-9364-1,Ethernet1/65,CISCO-JDSU,SFP-10G-SR,N/A,JUR1925G6ED,UP
DRE-9364-1,Ethernet1/66,CISCO-JDSU,SFP-10G-SR,N/A,JUR1929GUQV,UP
N3264-1-CRE-DSC,"""Chassis""","""Nexus3000 C3264C Chassis""",N3K-C3264C-E,N/A,FOC233195NS,DOWN
N3264-1-CRE-DSC,"""Slot 1""","""64x100G QSFP28 + 2x10G SFP+ Ethernet Module""",N3K-C3264C-E,N/A,FOC233195NS,DOWN
N3264-1-CRE-DSC,"""Power Supply 1""","""Nexus3000 C3264C Chassis Power Supply""",NXA-PAC-1200W-PI,N/A,LIT21484X7J,DOWN
N3264-1-CRE-DSC,"""Power Supply 2""","""Nexus3000 C3264C Chassis Power Supply""",NXA-PAC-1200W-PI,N/A,LIT22143NTY,DOWN
N3264-1-CRE-DSC,"""Fan 1""","""Nexus3000 C3264C Chassis Fan Module""",NXA-FAN-160CFM-PI,N/A,N/A,DOWN
N3264-1-CRE-DSC,"""Fan 2""","""Nexus3000 C3264C Chassis Fan Module""",NXA-FAN-160CFM-PI,N/A,N/A,DOWN
N3264-1-CRE-DSC,"""Fan 3""","""Nexus3000 C3264C Chassis Fan Module""",NXA-FAN-160CFM-PI,N/A,N/A,DOWN
N3264-1-CRE-DSC,Ethernet1/1,CISCO-AVAGO,QSFP-100G-SR4-S,N/A,AVF2042G0S5,DOWN
N3264-1-CRE-DSC,Ethernet1/2,CISCO-AVAGO,QSFP-100G-SR4-S,N/A,AVF2240S109,DOWN
N3264-1-CRE-DSC,Ethernet1/3,CISCO-AVAGO,QSFP-100G-SR4-S,N/A,AVF2221S1S3,DOWN
N3264-1-CRE-DSC,Ethernet1/4,CISCO-AVAGO,QSFP-100G-SR4-S,N/A,AVF2102G0YJ,DOWN
N3264-1-CRE-DSC,Ethernet1/5,CISCO-AVAGO,QSFP-100G-SR4-S,N/A,AVF2142S4BC,DOWN
N3264-1-CRE-DSC,Ethernet1/6,CISCO-AVAGO,QSFP-100G-SR4-S,N/A,AVF2225S1TM,DOWN
N3264-1-CRE-DSC,Ethernet1/7,CISCO-AVAGO,QSFP-100G-SR4-S,N/A,AVF2221S1SS,DOWN
N3264-1-CRE-DSC,Ethernet1/8,CISCO-AVAGO,QSFP-100G-SR4-S,N/A,AVF2102G08K,DOWN
N3264-1-CRE-DSC,Ethernet1/9,CISCO-INNOLIGHT,QSFP-100G-SR4-S,N/A,INL23351537,UP
N3264-1-CRE-DSC,Ethernet1/10,CISCO-AVAGO,QSFP-100G-SR4-S,N/A,AVF2141S4C6,UP
N3264-1-CRE-DSC,Ethernet1/11,CISCO-AVAGO,QSFP-100G-SR4-S,N/A,AVF2124G1SA,UP
N3264-1-CRE-DSC,Ethernet1/13,CISCO-AVAGO,QSFP-100G-SR4-S,N/A,AVF2218S0R1,DOWN
N3264-1-CRE-DSC,Ethernet1/15,CISCO-AVAGO,QSFP-100G-SR4-S,N/A,AVF2220S169,DOWN
N3264-1-CRE-DSC,Ethernet1/22,CISCO-AVAGO,QSFP-100G-SR4-S,N/A,AVF2229S27H,DOWN
N3264-1-CRE-DSC,Ethernet1/23,CISCO-FINISAR,QSFP-100G-AOC5M,N/A,FIW2023052S-A,DOWN
N3264-1-CRE-DSC,Ethernet1/26,CISCO-AVAGO,SFP-10G-SR,N/A,AVD1839AFUM,UP
N3264-1-CRE-DSC,Ethernet1/40,CISCO-AVAGO,QSFP-100G-SR4-S,N/A,AVF2212S0YV,UP
N3264-1-CRE-DSC,Ethernet1/41,CISCO-LUXTERA,QSFP-100G-PSM4-S,N/A,CVR2205004S,UP
N3264-1-CRE-DSC,Ethernet1/42,CISCO-LUXTERA,QSFP-100G-PSM4-S,N/A,CVR22050038,UP
N3264-1-CRE-DSC,Ethernet1/43,CISCO-LUXTERA,QSFP-100G-PSM4-S,N/A,CVR214904R1,UP
N3264-1-CRE-DSC,Ethernet1/45,CISCO-AVAGO,QSFP-100G-SR4-S,N/A,AVF2145S2CG,UP
N3264-1-CRE-DSC,Ethernet1/50,CISCO-INNOLIGHT,QSFP-100G-LR4-S,N/A,INL26070CYB,ADMIN_DOWN
N3264-1-CRE-DSC,Ethernet1/60,CISCO-CISCO,QSFP-100G-FR-S,N/A,FBN2444AB21,DOWN
N3264-1-CRE-DSC,Ethernet1/61,CISCO-CISCO,QSFP-100G-FR-S,N/A,FBN2628A02K,UP
N3264-1-CRE-DSC,Ethernet1/65,CISCO-AVAGO,SFP-10G-SR,N/A,AVD2025A3BS,UP
N3264-2-CRE-DSC,"""Chassis""","""Nexus3000 C3264C Chassis""",N3K-C3264C-E,N/A,FOC23332MLU,DOWN
N3264-2-CRE-DSC,"""Slot 1""","""64x100G QSFP28 + 2x10G SFP+ Ethernet Module""",N3K-C3264C-E,N/A,FOC23332MLU,DOWN
N3264-2-CRE-DSC,"""Power Supply 1""","""Nexus3000 C3264C Chassis Power Supply""",NXA-PAC-1200W-PI,N/A,LIT22143PA7,DOWN
N3264-2-CRE-DSC,"""Power Supply 2""","""Nexus3000 C3264C Chassis Power Supply""",NXA-PAC-1200W-PI,N/A,LIT22143P9Z,DOWN
N3264-2-CRE-DSC,"""Fan 1""","""Nexus3000 C3264C Chassis Fan Module""",NXA-FAN-160CFM-PI,N/A,N/A,DOWN
N3264-2-CRE-DSC,"""Fan 2""","""Nexus3000 C3264C Chassis Fan Module""",NXA-FAN-160CFM-PI,N/A,N/A,DOWN
N3264-2-CRE-DSC,"""Fan 3""","""Nexus3000 C3264C Chassis Fan Module""",NXA-FAN-160CFM-PI,N/A,N/A,DOWN
N3264-2-CRE-DSC,Ethernet1/1,CISCO-AVAGO,QSFP-100G-SR4-S,N/A,AVF2109G058,DOWN
N3264-2-CRE-DSC,Ethernet1/2,CISCO-AVAGO,QSFP-100G-SR4-S,N/A,AVF2111G1F8,DOWN
N3264-2-CRE-DSC,Ethernet1/3,CISCO-AVAGO,QSFP-100G-SR4-S,N/A,AVF2014G05E,DOWN
N3264-2-CRE-DSC,Ethernet1/4,CISCO-AVAGO,QSFP-100G-SR4-S,N/A,AVF2225S1TN,DOWN
N3264-2-CRE-DSC,Ethernet1/5,CISCO-AVAGO,QSFP-100G-SR4-S,N/A,AVF2111G1FE,DOWN
N3264-2-CRE-DSC,Ethernet1/6,CISCO-AVAGO,QSFP-100G-SR4-S,N/A,AVF2125G1MR,DOWN
N3264-2-CRE-DSC,Ethernet1/7,CISCO-AVAGO,QSFP-100G-SR4-S,N/A,AVF2102G021,DOWN
N3264-2-CRE-DSC,Ethernet1/8,CISCO-AVAGO,QSFP-100G-SR4-S,N/A,AVF2212S14F,DOWN
N3264-2-CRE-DSC,Ethernet1/9,CISCO-INNOLIGHT,QSFP-100G-SR4-S,N/A,INL23351529,UP
N3264-2-CRE-DSC,Ethernet1/11,CISCO-AVAGO,QSFP-100G-SR4-S,N/A,AVF2125G0WM,UP
N3264-2-CRE-DSC,Ethernet1/13,CISCO-AVAGO,QSFP-100G-SR4-S,N/A,AVF2230S0WD,DOWN
N3264-2-CRE-DSC,Ethernet1/14,CISCO-AVAGO,QSFP-100G-SR4-S,N/A,AVF2125G2LR,DOWN
N3264-2-CRE-DSC,Ethernet1/15,CISCO-AVAGO,QSFP-100G-SR4-S,N/A,AVF2229S2ER,DOWN
N3264-2-CRE-DSC,Ethernet1/22,CISCO-AVAGO,QSFP-100G-SR4-S,N/A,AVF2111G182,DOWN
N3264-2-CRE-DSC,Ethernet1/23,CISCO-AVAGO,QSFP-100G-SR4-S,N/A,AVF2229S3JU,DOWN
N3264-2-CRE-DSC,Ethernet1/26,CISCO-AVAGO,SFP-10G-SR,N/A,AVD23089UCG,UP
N3264-2-CRE-DSC,Ethernet1/40,CISCO-LUXTERA,QSFP-100G-PSM4-S,N/A,CVR220300CB,UP
N3264-2-CRE-DSC,Ethernet1/41,CISCO-LUXTERA,QSFP-100G-PSM4-S,N/A,CVR2205002F,UP
N3264-2-CRE-DSC,Ethernet1/42,CISCO-LUXTERA,QSFP-100G-PSM4-S,N/A,CVR220300AT,UP
N3264-2-CRE-DSC,Ethernet1/43,CISCO-LUXTERA,QSFP-100G-PSM4-S,N/A,CVR22050041,DOWN
N3264-2-CRE-DSC,Ethernet1/45,CISCO-AVAGO,QSFP-100G-SR4-S,N/A,AVF2221S1TA,ADMIN_DOWN
N3264-2-CRE-DSC,Ethernet1/60,CISCO-CISCO,QSFP-100G-FR-S,N/A,FBN2444A544,DOWN
N3264-2-CRE-DSC,Ethernet1/61,CISCO-CISCO,QSFP-100G-FR-S,N/A,FBN2628A03U,UP
N3264-2-CRE-DSC,Ethernet1/62,CISCO-CISCO,QSFP-100G-FR-S,N/A,FBN2611A3KJ,UP
N3264-2-CRE-DSC,Ethernet1/65,CISCO-FINISAR,SFP-10G-SR,N/A,FNS1947215W,UP
S01SVS00,"""Chassis""","""Nexus9000 C9336C-FX2 Chassis""",N9K-C9336C-FX2,N/A,FDO25510QVQ,DOWN
S01SVS00,"""Slot 1""","""36x40/100G QSFP28 Ethernet Module""",N9K-C9336C-FX2,N/A,FDO25510QVQ,DOWN
S01SVS00,"""Power Supply 1""","""Nexus9000 C9336C-FX2 Chassis Power Supply""",NXA-PAC-1100W-PE2,N/A,ART2542F00R,DOWN
S01SVS00,"""Power Supply 2""","""Nexus9000 C9336C-FX2 Chassis Power Supply""",NXA-PAC-1100W-PE2,N/A,ART2542F0CV,DOWN
S01SVS00,"""Fan 1""","""Nexus9000 C9336C-FX2 Chassis Fan Module""",NXA-FAN-65CFM-PE,N/A,N/A,DOWN
S01SVS00,"""Fan 2""","""Nexus9000 C9336C-FX2 Chassis Fan Module""",NXA-FAN-65CFM-PE,N/A,N/A,DOWN
S01SVS00,"""Fan 3""","""Nexus9000 C9336C-FX2 Chassis Fan Module""",NXA-FAN-65CFM-PE,N/A,N/A,DOWN
S01SVS00,Ethernet1/2,CISCO-AVAGO,QSFP-100G-SR4,N/A,AVF2217S14F,UP
S01SVS00,Ethernet1/3,CISCO-FINISAR,QSFP-100G-AOC1M,N/A,FIW224401BS-A,ADMIN_DOWN
S01SVS00,Ethernet1/16,CISCO-FINISAR,QSFP-100G-AOC10M,N/A,FIW214401EU-A,UP
S01SVS01,"""Chassis""","""Nexus9000 C9336C-FX2 Chassis""",N9K-C9336C-FX2,N/A,FDO25510JD1,DOWN
S01SVS01,"""Slot 1""","""36x40/100G QSFP28 Ethernet Module""",N9K-C9336C-FX2,N/A,FDO25510JD1,DOWN
S01SVS01,"""Power Supply 1""","""Nexus9000 C9336C-FX2 Chassis Power Supply""",NXA-PAC-1100W-PE2,N/A,ART2542F008,DOWN
S01SVS01,"""Power Supply 2""","""Nexus9000 C9336C-FX2 Chassis Power Supply""",NXA-PAC-1100W-PE2,N/A,ART2542F0E4,DOWN
S01SVS01,"""Fan 1""","""Nexus9000 C9336C-FX2 Chassis Fan Module""",NXA-FAN-65CFM-PE,N/A,N/A,DOWN
S01SVS01,"""Fan 2""","""Nexus9000 C9336C-FX2 Chassis Fan Module""",NXA-FAN-65CFM-PE,N/A,N/A,DOWN
S01SVS01,"""Fan 3""","""Nexus9000 C9336C-FX2 Chassis Fan Module""",NXA-FAN-65CFM-PE,N/A,N/A,DOWN
S01SVS01,Ethernet1/2,CISCO-AVAGO,QSFP-100G-SR4-S,N/A,AVF2102G0YW,UP
S01SVS01,Ethernet1/3,CISCO-FINISAR,QSFP-100G-AOC1M,N/A,FIW224401BS-B,DOWN
S01SVS01,Ethernet1/16,CISCO-AVAGO,QSFP-100G-SR4-S,N/A,AVF2013G0KS,UP
DRC-8201-2,HundredGigE0/0/0/0,Cisco QSFP28 100G AOC Pluggable Optics Module,QSFP-100G-AOC7M,V03,INL23520104-A,UP/UP
DRC-8201-2,HundredGigE0/0/0/1,Cisco QSFP28 100G AOC Pluggable Optics Module,QSFP-100G-AOC7M,V04,INL26400EMU-B,UP/UP
DRC-8201-2,HundredGigE0/0/0/3,Cisco QSFP28 100G SR4 Pluggable Optics Module,QSFP-100G-SR4-S,V03,INL2539073U,UP/UP
DRC-8201-2,FourHundredGigE0/0/0/10,Cisco QSFPDD 400G FR4 Pluggable Optics Module,QDD-400G-FR4-S,V01,CGC25290549,UP/UP
DRC-8201-2,HundredGigE0/0/0/14,Cisco QSFP28 100G AOC Pluggable Optics Module,QSFP-100G-AOC10M,V02,FIW214401ZJ-B,DOWN/DOWN
DRC-8201-2,HundredGigE0/0/0/15,Cisco QSFP28 100G SR4 Pluggable Optics Module,QSFP-100G-SR4-S,V01,AVF2009G027,UP/UP
DRC-8201-2,FourHundredGigE0/0/0/16,Cisco QSFPDD 400G DR4 Pluggable Optics Module,QDD-400G-DR4-S,V01,INL24332687,DOWN/DOWN
DRC-8201-2,HundredGigE0/0/0/20,Cisco QSFP28 100G SR4 Pluggable Optics Module,QSFP-100G-SR4-S,V02,AVF2229S25G,UP/UP
DRC-8201-2,HundredGigE0/0/0/22,Cisco QSFP28 100G AOC Pluggable Optics Module,QSFP-100G-AOC7M,V04,INL264111JW-A,DOWN/DOWN
DRC-8201-2,FortyGigE0/0/0/26,Cisco QSFP+ 40G SR4 Pluggable Optics Module,QSFP-40G-SR4-S,V02,AVP2224S50P,DOWN/DOWN
DRC-8201-2,HundredGigE0/0/0/28,Cisco QSFP28 100G SR4 Pluggable Optics Module,QSFP-100G-SR4-S,V03,INL25400302,UP/UP
DRC-8201-2,HundredGigE0/0/0/29,Cisco QSFP28 100G SR4 Pluggable Optics Module,QSFP-100G-SR4-S,V01,AVF2129G2NL,UP/UP
DRC-8201-2,HundredGigE0/0/0/30,Cisco QSFP28 100G AOC Pluggable Optics Module,QSFP-100G-AOC7M,V03,INL23520088-A,DOWN/DOWN
DRC-8201-2,HundredGigE0/0/0/31,Cisco QSFP28 100G AOC Pluggable Optics Module,QSFP-100G-AOC7M,V03,INL23520226-A,DOWN/DOWN
DRC-8201-1,HundredGigE0/0/0/0,Cisco QSFP28 100G FR Pluggable Optics Module,QSFP-100G-FR-S,V02,FBN2628A0D5,DOWN/DOWN
DRC-8201-1,HundredGigE0/0/0/1,Cisco QSFP28 100G FR Pluggable Optics Module,QSFP-100G-FR-S,V02,FBN2628A05N,UP/UP
DRC-8201-1,HundredGigE0/0/0/2,Cisco QSFP28 100G SR4 Pluggable Optics Module,QSFP-100G-SR4-S,V01,AVF2047G048,UP/UP
DRC-8201-1,HundredGigE0/0/0/3,Cisco QSFP28 100G SR4 Pluggable Optics Module,QSFP-100G-SR4-S,V03,INL23351870,UP/UP
DRC-8201-1,FourHundredGigE0/0/0/4,Cisco QSFPDD 400G FR4 Pluggable Optics Module,QDD-400G-FR4-S,V01,INL24304247,DOWN/DOWN
DRC-8201-1,FourHundredGigE0/0/0/5,Cisco QSFPDD 400G FR4 Pluggable Optics Module,QDD-400G-FR4-S,V01,INL26200NZC,DOWN/DOWN
DRC-8201-1,FourHundredGigE0/0/0/6,Cisco QSFPDD 400G FR4 Pluggable Optics Module,QDD-400G-FR4-S,V01,CGC25430971,DOWN/DOWN
DRC-8201-1,FourHundredGigE0/0/0/7,Cisco QSFPDD 400G FR4 Pluggable Optics Module,QDD-400G-FR4-S,V01,CGC25431138,DOWN/DOWN
DRC-8201-1,FourHundredGigE0/0/0/10,Cisco QSFPDD 400G FR4 Pluggable Optics Module,QDD-400G-FR4-S,V01,CGC25290836,UP/UP
DRC-8201-1,HundredGigE0/0/0/11,Cisco QSFP28 100G AOC Pluggable Optics Module,QSFP-100G-AOC10M,V02,FIW214401AF-A,DOWN/DOWN
DRC-8201-1,HundredGigE0/0/0/12,Cisco QSFP28 100G AOC Pluggable Optics Module,QSFP-100G-AOC10M,V02,FIW214401CL-A,DOWN/DOWN
DRC-8201-1,HundredGigE0/0/0/15,Cisco QSFP28 100G SR4 Pluggable Optics Module,QSFP-100G-SR4-S,V03,INL23352061,UP/UP
DRC-8201-1,FourHundredGigE0/0/0/18,Cisco QSFPDD 400G DR4 Pluggable Optics Module,QDD-400G-DR4-S,V01,INL24332729,DOWN/DOWN
DRC-8201-1,HundredGigE0/0/0/20,Cisco QSFP28 100G SR4 Pluggable Optics Module,QSFP-100G-SR4-S,V03,AVF2403S0KR,UP/UP
DRC-8201-1,FortyGigE0/0/0/26,Cisco QSFP+ 40G SR4 Pluggable Optics Module,QSFP-40G-SR4,V02,AVP1747S1F0,DOWN/DOWN
DRC-8201-1,HundredGigE0/0/0/29,Cisco QSFP28 100G FR Pluggable Optics Module,QSFP-100G-FR-S,V02,FBN2627A038,UP/UP
DRC-8201-1,HundredGigE0/0/0/30,Cisco QSFP28 100G FR Pluggable Optics Module,QSFP-100G-FR-S,V02,FBN2628A03L,UP/UP
DRC-8201-1,HundredGigE0/0/0/31,Cisco QSFP28 100G AOC Pluggable Optics Module,QSFP-100G-AOC7M,V03,INL24011773-B,DOWN/DOWN
OSC-3408-1,"""Chassis""","""Nexus3000 C3408-S Chassis""",N3K-C3408-S,N/A,FOC24128NBW,DOWN
OSC-3408-1,"""Slot 1""","""Supervisor""",N3K-C3408-S,N/A,FOC24128NBW,DOWN
OSC-3408-1,"""LEM 1""","""16x100G Ethernet Module""",NXM-X16C,N/A,FOC23515VYW,DOWN
OSC-3408-1,"""LEM 2""","""16x100G Ethernet Module""",NXM-X16C,N/A,FOC23335ADS,DOWN
OSC-3408-1,"""LEM 3""","""16x100G Ethernet Module""",NXM-X16C,N/A,FOC23311MNU,DOWN
OSC-3408-1,"""LEM 4""","""16x100G Ethernet Module""",NXM-X16C,N/A,FOC23335AF3,DOWN
OSC-3408-1,"""Power Supply 1""","""Nexus3000 C3408-S Chassis Power Supply""",NXA-PAC-2KW-PI,N/A,POG2424JA1Q,DOWN
OSC-3408-1,"""Power Supply 2""","""Nexus3000 C3408-S Chassis Power Supply""",NXA-PAC-2KW-PI,N/A,POG2424JA05,DOWN
OSC-3408-1,"""Fan 1""","""Nexus3000 C3408-S Chassis Fan Module""",NXA-FAN-300CFM-PI,N/A,N/A,DOWN
OSC-3408-1,"""Fan 2""","""Nexus3000 C3408-S Chassis Fan Module""",NXA-FAN-300CFM-PI,N/A,N/A,DOWN
OSC-3408-1,"""Fan 3""","""Nexus3000 C3408-S Chassis Fan Module""",NXA-FAN-300CFM-PI,N/A,N/A,DOWN
OSC-3408-1,Ethernet1/1,CISCO-AVAGO,QSFP-100G-SR4-S,N/A,AVF2220S0Z6,UP
OSC-3408-1,Ethernet1/2,CISCO-FINISAR,QSFP-100G-AOC5M,N/A,FIW2023052S-B,UP
OSC-3408-1,Ethernet1/3/1,CISCO-FINISAR,QSFP-40G-SR4,N/A,FIW201902RR,UP
OSC-3408-1,Ethernet1/3/2,CISCO-FINISAR,QSFP-40G-SR4,N/A,FIW201902RR,DOWN
OSC-3408-1,Ethernet1/3/3,CISCO-FINISAR,QSFP-40G-SR4,N/A,FIW201902RR,UP
OSC-3408-1,Ethernet1/3/4,CISCO-FINISAR,QSFP-40G-SR4,N/A,FIW201902RR,DOWN
OSC-3408-1,Ethernet1/5/1,CISCO,QSFP-40G-SR4,N/A,FIS174201QY,DOWN
OSC-3408-1,Ethernet1/5/2,CISCO,QSFP-40G-SR4,N/A,FIS174201QY,DOWN
OSC-3408-1,Ethernet1/5/3,CISCO,QSFP-40G-SR4,N/A,FIS174201QY,DOWN
OSC-3408-1,Ethernet1/5/4,CISCO,QSFP-40G-SR4,N/A,FIS174201QY,DOWN
OSC-3408-1,Ethernet1/9,CISCO,QSFP-40G-SR4,N/A,FIS173701KT,DOWN
OSC-3408-1,Ethernet1/10,CISCO,QSFP-40G-SR4,N/A,FIS174601EB,DOWN
OSC-3408-1,Ethernet2/1,CISCO-FOIT,QSFP-40/100-SRBD,N/A,FOF2217N515,ADMIN_DOWN
OSC-3408-1,Ethernet2/2,CISCO-FOIT,QSFP-40/100-SRBD,N/A,FOF2210N062,ADMIN_DOWN
OSC-3408-1,Ethernet2/3,CISCO-FOIT,QSFP-40/100-SRBD,N/A,FOF2307N2PH,DOWN
OSC-3408-1,Ethernet2/4,CISCO-FINISAR,QSFP-100G-AOC10M,N/A,FIW214401A7-B,DOWN
OSC-3408-1,Ethernet2/5,CISCO-AVAGO,QSFP-100G-SR4-S,N/A,AVF2219S05G,DOWN
OSC-3408-1,Ethernet2/14,CISCO-AVAGO,QSFP-100G-SR4-S,N/A,AVF2237S08P,DOWN
OSC-3408-1,Ethernet2/15,CISCO-AVAGO,QSFP-100G-SR4-S,N/A,AVF2108G05J,DOWN
OSC-3408-1,Ethernet2/16,CISCO-AVAGO,QSFP-100G-SR4-S,N/A,AVF2121G2J5,DOWN
OSC-3408-1,Ethernet3/2,CISCO-INNOLIGHT,QSFP-100G-AOC7M,N/A,INL24011773-A,DOWN
OSC-3408-1,Ethernet3/4,CISCO-CISCO,QSFP-100G-FR-S,N/A,FBN2628A0R6,DOWN
OSC-3408-1,Ethernet3/9,CISCO-DELTA,QSFP-100G-AOC15M,N/A,DTS2415A946-A,DOWN
OSC-3408-1,Ethernet3/11,CISCO-FOIT,QSFP-40/100-SRBD,N/A,FTF2416N3S1,DOWN
OSC-3408-1,Ethernet3/12,CISCO-FOIT,QSFP-40/100-SRBD,N/A,FOF2252N2XT,DOWN
OSC-3408-1,Ethernet3/13,CISCO-INNOLIGHT,QSFP-100G-SR4-S,N/A,INL23351355,DOWN
OSC-3408-1,Ethernet4/2,CISCO-AVAGO,QSFP-100G-SR4-S,N/A,AVF2129G2NF,DOWN
OSC-3408-1,Ethernet4/5,CISCO-AVAGO,QSFP-100G-SR4-S,N/A,AVF2129G2C2,DOWN
OSC-3408-1,Ethernet4/6,CISCO-FINISAR,QSFP-100G-AOC5M,N/A,FIW2138037D-B,DOWN
OSC-3408-1,Ethernet4/7,CISCO-AVAGO,QSFP-100G-SR4-S,N/A,AVF2129G2NE,DOWN
OSC-3408-1,Ethernet4/8,CISCO-AVAGO,QSFP-100G-SR4-S,N/A,AVF2129G2CE,DOWN
OSC-3408-1,Ethernet4/10,CISCO-FOIT,QSFP-40/100-SRBD,N/A,FTF2512N9F9,DOWN
OSC-3408-1,Ethernet4/11,CISCO-FOIT,QSFP-40/100-SRBD,N/A,FTF2512N5TR,DOWN
OSC-3408-2,"""Chassis""","""Nexus3000 C3408-S Chassis""",N3K-C3408-S,N/A,FOC2350547S,DOWN
OSC-3408-2,"""Slot 1""","""Supervisor""",N3K-C3408-S,N/A,FOC2350547S,DOWN
OSC-3408-2,"""LEM 1""","""16x100G Ethernet Module""",NXM-X16C,N/A,FOC23335AEH,DOWN
OSC-3408-2,"""LEM 2""","""16x100G Ethernet Module""",NXM-X16C,N/A,FOC235054CN,DOWN
OSC-3408-2,"""LEM 3""","""16x100G Ethernet Module""",NXM-X16C,N/A,FOC23345DYM,DOWN
OSC-3408-2,"""LEM 4""","""16x100G Ethernet Module""",NXM-X16C,N/A,FOC23515VZ1,DOWN
OSC-3408-2,"""Power Supply 1""","""Nexus3000 C3408-S Chassis Power Supply""",NXA-PAC-2KW-PI,N/A,POG2410JA2X,DOWN
OSC-3408-2,"""Power Supply 2""","""Nexus3000 C3408-S Chassis Power Supply""",NXA-PAC-2KW-PI,N/A,POG2415JA1F,DOWN
OSC-3408-2,"""Fan 1""","""Nexus3000 C3408-S Chassis Fan Module""",NXA-FAN-300CFM-PI,N/A,N/A,DOWN
OSC-3408-2,"""Fan 2""","""Nexus3000 C3408-S Chassis Fan Module""",NXA-FAN-300CFM-PI,N/A,N/A,DOWN
OSC-3408-2,"""Fan 3""","""Nexus3000 C3408-S Chassis Fan Module""",NXA-FAN-300CFM-PI,N/A,N/A,DOWN
OSC-3408-2,Ethernet1/1,CISCO-AVAGO,QSFP-100G-SR4-S,N/A,AVF2126G3GY,UP
OSC-3408-2,Ethernet1/2,CISCO-AVAGO,QSFP-100G-SR4-S,N/A,AVF2022G09Y,UP
OSC-3408-2,Ethernet1/3/1,CISCO,QSFP-40G-SR4,N/A,FIS184701UP,UP
OSC-3408-2,Ethernet1/3/2,CISCO,QSFP-40G-SR4,N/A,FIS184701UP,UP
OSC-3408-2,Ethernet1/3/3,CISCO,QSFP-40G-SR4,N/A,FIS184701UP,UP
OSC-3408-2,Ethernet1/3/4,CISCO,QSFP-40G-SR4,N/A,FIS184701UP,ADMIN_DOWN
OSC-3408-2,Ethernet1/9,CISCO,QSFP-40G-SR4,N/A,FIS184801XG,DOWN
OSC-3408-2,Ethernet1/10,CISCO,QSFP-40G-SR4,N/A,FIS1747001V,ADMIN_DOWN
OSC-3408-2,Ethernet2/1,CISCO-FOIT,QSFP-40/100-SRBD,N/A,FOF2209N0SK,DOWN
OSC-3408-2,Ethernet2/2,CISCO-FOIT,QSFP-40/100-SRBD,N/A,FOF2209N0RD,DOWN
OSC-3408-2,Ethernet2/3,CISCO-CISCO,QSFP-100G-FR-S,N/A,FBN2628A05C,DOWN
OSC-3408-2,Ethernet2/4,CISCO-FOIT,QSFP-40/100-SRBD,N/A,FTF2512N9FK,UP
OSC-3408-2,Ethernet3/1,CISCO-INNOLIGHT,QSFP-100G-AOC7M,N/A,INL23520104-B,DOWN
OSC-3408-2,Ethernet3/4,CISCO-CISCO,QSFP-100G-FR-S,N/A,FBN2628A09H,DOWN
OSC-3408-2,Ethernet3/6,CISCO-AVAGO,QSFP-100G-SR4-S,N/A,AVF2316S1LT,ADMIN_DOWN
OSC-3408-2,Ethernet3/9,CISCO-DELTA,QSFP-100G-AOC15M,N/A,DTS2415A958-A,DOWN
OSC-3408-2,Ethernet4/3/1,CISCO-AVAGO,QSFP-40G-SR4,N/A,AVP2113S0AD,DOWN
OSC-3408-2,Ethernet4/3/2,CISCO-AVAGO,QSFP-40G-SR4,N/A,AVP2113S0AD,DOWN
OSC-3408-2,Ethernet4/3/3,CISCO-AVAGO,QSFP-40G-SR4,N/A,AVP2113S0AD,DOWN
OSC-3408-2,Ethernet4/3/4,CISCO-AVAGO,QSFP-40G-SR4,N/A,AVP2113S0AD,DOWN
OSC-3408-2,Ethernet4/5,CISCO-FINISAR,QSFP-100G-AOC5M,N/A,FIW2137062U-A,DOWN
OSC-3408-2,Ethernet4/6,CISCO-FINISAR,QSFP-100G-AOC5M,N/A,FIW2138035V-A,DOWN
OSC-3408-2,Ethernet4/7,CISCO-AVAGO,QSFP-100G-SR4-S,N/A,AVF2129G2NB,UP
OSC-3408-2,Ethernet4/8,CISCO-AVAGO,QSFP-100G-SR4-S,N/A,AVF2212S0YT,UP
OSC-3408-2,Ethernet4/9,CISCO-CISCO,QSFP-100G-FR-S,N/A,FBN2628A0DD,DOWN
OSC-3408-2,Ethernet4/14,CISCO-INNOLIGHT,QSFP-100G-AOC7M,N/A,INL26400EMU-A,DOWN
OSC-3408-2,Ethernet4/15,CISCO-INNOLIGHT,QSFP-100G-AOC7M,N/A,INL264111JW-B,DOWN
OSC-3408-2,Ethernet4/16,CISCO-INNOLIGHT,QSFP-100G-AOC7M,N/A,INL26400EL9-B,DOWN
ARG-3408-1,"""Chassis""","""Nexus3000 C3408-S Chassis""",N3K-C3408-S,N/A,FOC23366AMW,DOWN
ARG-3408-1,"""Slot 1""","""Supervisor""",N3K-C3408-S,N/A,FOC23366AMW,DOWN
ARG-3408-1,"""LEM 1""","""16x100G Ethernet Module""",NXM-X16C,N/A,FOC23335AF0,DOWN
ARG-3408-1,"""LEM 2""","""16x100G Ethernet Module""",NXM-X16C,N/A,FOC23311MLR,DOWN
ARG-3408-1,"""LEM 3""","""16x100G Ethernet Module""",NXM-X16C,N/A,FOC23311MMV,DOWN
ARG-3408-1,"""LEM 4""","""16x100G Ethernet Module""",NXM-X16C,N/A,FOC23311MM8,DOWN
ARG-3408-1,"""LEM 6""","""16x100G Ethernet Module""",NXM-X16C,N/A,FOC23490QRN,DOWN
ARG-3408-1,"""Power Supply 1""","""Nexus3000 C3408-S Chassis Power Supply""",NXA-PAC-2KW-PI,N/A,POG2338JA1Q,DOWN
ARG-3408-1,"""Power Supply 2""","""Nexus3000 C3408-S Chassis Power Supply""",NXA-PAC-2KW-PI,N/A,POG2338JA0B,DOWN
ARG-3408-1,"""Fan 1""","""Nexus3000 C3408-S Chassis Fan Module""",NXA-FAN-300CFM-PI,N/A,N/A,DOWN
ARG-3408-1,"""Fan 2""","""Nexus3000 C3408-S Chassis Fan Module""",NXA-FAN-300CFM-PI,N/A,N/A,DOWN
ARG-3408-1,"""Fan 3""","""Nexus3000 C3408-S Chassis Fan Module""",NXA-FAN-300CFM-PI,N/A,N/A,DOWN
ARG-3408-1,Ethernet1/1,CISCO-AVAGO,QSFP-100G-SR4-S,N/A,AVF2203S1Z3,ADMIN_DOWN
ARG-3408-1,Ethernet1/2,CISCO-AVAGO,QSFP-100G-SR4-S,N/A,AVF2124G1T5,ADMIN_DOWN
ARG-3408-1,Ethernet1/3,CISCO-AVAGO,QSFP-100G-SR4-S,N/A,AVF2125G0V6,ADMIN_DOWN
ARG-3408-1,Ethernet1/4,CISCO-AVAGO,QSFP-100G-SR4-S,N/A,AVF2132S22K,ADMIN_DOWN
ARG-3408-1,Ethernet1/5,CISCO-AVAGO,QSFP-100G-SR4-S,N/A,AVF2103G039,ADMIN_DOWN
ARG-3408-1,Ethernet1/6,CISCO-AVAGO,QSFP-100G-SR4-S,N/A,AVF2225S1U9,ADMIN_DOWN
ARG-3408-1,Ethernet1/7,CISCO-AVAGO,QSFP-100G-SR4-S,N/A,AVF2102G01H,ADMIN_DOWN
ARG-3408-1,Ethernet1/8,CISCO-AVAGO,QSFP-100G-SR4-S,N/A,AVF2125G1MS,ADMIN_DOWN
ARG-3408-1,Ethernet1/9,CISCO-AVAGO,QSFP-100G-SR4-S,N/A,AVF2124G3MB,ADMIN_DOWN
ARG-3408-1,Ethernet1/10,CISCO-AVAGO,QSFP-100G-SR4-S,N/A,AVF2022G0A3,ADMIN_DOWN
ARG-3408-1,Ethernet1/11,CISCO-FINISAR,QSFP-100G-AOC10M,N/A,FIW214401AR-B,UP
ARG-3408-1,Ethernet1/12,CISCO-AVAGO,QSFP-100G-SR4-S,N/A,AVF2102G0ZJ,UP
ARG-3408-1,Ethernet1/13,CISCO-CISCO,QSFP-100G-FR-S,N/A,FBN2628A08F,DOWN
ARG-3408-1,Ethernet1/14,CISCO-CISCO,QSFP-100G-FR-S,N/A,FBN2628A0QZ,UP
ARG-3408-1,Ethernet2/1,CISCO-AVAGO,QSFP-100G-SR4-S,N/A,AVF2051G0R6,DOWN
ARG-3408-1,Ethernet2/2,CISCO-AVAGO,QSFP-100G-SR4-S,N/A,AVF2129G2MU,UP
ARG-3408-1,Ethernet2/3,CISCO-FOIT,QSFP-40/100-SRBD,N/A,FOF2252N2VK,DOWN
ARG-3408-1,Ethernet2/4,CISCO-FINISAR,QSFP-100G-AOC10M,N/A,FIW214401A7-A,DOWN
ARG-3408-1,Ethernet2/5,CISCO-AVAGO,QSFP-100G-SR4-S,N/A,AVF2218S0R8,ADMIN_DOWN
ARG-3408-1,Ethernet2/12,CISCO-AVAGO,QSFP-100G-SR4-S,N/A,AVF2105G065,UP
ARG-3408-1,Ethernet2/14,CISCO-AVAGO,QSFP-100G-SR4-S,N/A,AVF2104G06H,ADMIN_DOWN
ARG-3408-1,Ethernet2/15,CISCO-AVAGO,QSFP-100G-SR4-S,N/A,AVF2102G0DP,ADMIN_DOWN
ARG-3408-1,Ethernet2/16,CISCO-AVAGO,QSFP-100G-SR4-S,N/A,AVF2105G0UW,ADMIN_DOWN
ARG-3408-1,Ethernet3/1,CISCO-AVAGO,QSFP-100G-SR4-S,N/A,AVF2042G1TR,ADMIN_DOWN
ARG-3408-1,Ethernet3/2,CISCO-AVAGO,QSFP-100G-SR4-S,N/A,AVF2129G2CD,ADMIN_DOWN
ARG-3408-1,Ethernet3/7,CISCO-CISCO,QSFP-100G-FR-S,N/A,FBN2611A2RP,DOWN
ARG-3408-1,Ethernet3/8,CISCO-FINISAR,QSFP-100G-CWDM4-S,N/A,FNS22170M07,DOWN
ARG-3408-1,Ethernet3/9,CISCO-FINISAR,QSFP-100G-CWDM4-S,N/A,FNS222007SJ,DOWN
ARG-3408-1,Ethernet3/10,CISCO-FINISAR,QSFP-100G-CWDM4-S,N/A,FNS22170BRC,DOWN
ARG-3408-1,Ethernet3/11,CISCO-FOIT,QSFP-40/100-SRBD,N/A,FOF2248N3HW,ADMIN_DOWN
ARG-3408-1,Ethernet3/12,CISCO-FOIT,QSFP-40/100-SRBD,N/A,FOF2248N3ED,ADMIN_DOWN
ARG-3408-1,Ethernet3/13,CISCO-AVAGO,QSFP-100G-SR4-S,N/A,AVF2212S0P3,ADMIN_DOWN
ARG-3408-1,Ethernet4/3,CISCO,QSFP-40G-SR4,N/A,AVP1810S2SG,ADMIN_DOWN
ARG-3408-2,"""Chassis""","""Nexus3000 C3408-S Chassis""",N3K-C3408-S,N/A,FOC23366AMX,DOWN
ARG-3408-2,"""Slot 1""","""Supervisor""",N3K-C3408-S,N/A,FOC23366AMX,DOWN
ARG-3408-2,"""LEM 1""","""16x100G Ethernet Module""",NXM-X16C,N/A,FOC23311MLV,DOWN
ARG-3408-2,"""LEM 2""","""16x100G Ethernet Module""",NXM-X16C,N/A,FOC23335AG3,DOWN
ARG-3408-2,"""LEM 3""","""16x100G Ethernet Module""",NXM-X16C,N/A,FOC23345DY6,DOWN
ARG-3408-2,"""LEM 4""","""16x100G Ethernet Module""",NXM-X16C,N/A,FOC23335AFK,DOWN
ARG-3408-2,"""LEM 5""","""16x100G Ethernet Module""",NXM-X16C,N/A,FOC23335AEK,DOWN
ARG-3408-2,"""LEM 6""","""16x100G Ethernet Module""",NXM-X16C,N/A,FOC23311MMJ,DOWN
ARG-3408-2,"""LEM 7""","""16x100G Ethernet Module""",NXM-X16C,N/A,FOC23345DVW,DOWN
ARG-3408-2,"""Power Supply 1""","""Nexus3000 C3408-S Chassis Power Supply""",NXA-PAC-2KW-PI,N/A,POG2338JA1S,DOWN
ARG-3408-2,"""Power Supply 2""","""Nexus3000 C3408-S Chassis Power Supply""",NXA-PAC-2KW-PI,N/A,POG2338JA1A,DOWN
ARG-3408-2,"""Fan 1""","""Nexus3000 C3408-S Chassis Fan Module""",NXA-FAN-300CFM-PI,N/A,N/A,DOWN
ARG-3408-2,"""Fan 2""","""Nexus3000 C3408-S Chassis Fan Module""",NXA-FAN-300CFM-PI,N/A,N/A,DOWN
ARG-3408-2,"""Fan 3""","""Nexus3000 C3408-S Chassis Fan Module""",NXA-FAN-300CFM-PI,N/A,N/A,DOWN
ARG-3408-2,Ethernet1/1,CISCO-AVAGO,QSFP-100G-SR4-S,N/A,AVF2022G0A2,ADMIN_DOWN
ARG-3408-2,Ethernet1/2,CISCO-AVAGO,QSFP-100G-SR4-S,N/A,AVF2127G0GV,ADMIN_DOWN
ARG-3408-2,Ethernet1/3,CISCO-AVAGO,QSFP-100G-SR4-S,N/A,AVF2031G1FA,ADMIN_DOWN
ARG-3408-2,Ethernet1/4,CISCO-AVAGO,QSFP-100G-SR4-S,N/A,AVF2125G0UV,ADMIN_DOWN
ARG-3408-2,Ethernet1/5,CISCO-AVAGO,QSFP-100G-SR4-S,N/A,AVF2225S1V0,ADMIN_DOWN
ARG-3408-2,Ethernet1/6,CISCO-AVAGO,QSFP-100G-SR4-S,N/A,AVF2030G0BH,ADMIN_DOWN
ARG-3408-2,Ethernet1/7,CISCO-AVAGO,QSFP-100G-SR4-S,N/A,AVF2218S05E,ADMIN_DOWN
ARG-3408-2,Ethernet1/8,CISCO-AVAGO,QSFP-100G-SR4-S,N/A,AVF2212S0Y1,ADMIN_DOWN
ARG-3408-2,Ethernet1/9,CISCO-AVAGO,QSFP-100G-SR4-S,N/A,AVF2135S17H,ADMIN_DOWN
ARG-3408-2,Ethernet1/10,CISCO-AVAGO,QSFP-100G-SR4-S,N/A,AVF2413S0G9,ADMIN_DOWN
ARG-3408-2,Ethernet1/11,CISCO-CISCO,QSFP-100G-FR-S,N/A,FBN2628A061,DOWN
ARG-3408-2,Ethernet1/12,CISCO-AVAGO,QSFP-100G-SR4-S,N/A,AVF2119G0TF,UP
ARG-3408-2,Ethernet1/14,CISCO-CISCO,QSFP-100G-FR-S,N/A,FBN2628A0Z7,ADMIN_DOWN
ARG-3408-2,Ethernet2/1,CISCO-AVAGO,QSFP-100G-SR4-S,N/A,AVF2128G0WS,UP
ARG-3408-2,Ethernet2/2,CISCO-CISCO,QSFP-100G-FR-S,N/A,FBN2611A2DE,UP
ARG-3408-2,Ethernet2/3,CISCO-CISCO,QSFP-100G-FR-S,N/A,FBN2628A04M,DOWN
ARG-3408-2,Ethernet2/4,CISCO-FOIT,QSFP-40/100-SRBD,N/A,FTF2512N5SK,UP
ARG-3408-2,Ethernet2/6,CISCO-AVAGO,QSFP-100G-SR4-S,N/A,AVF2229S2EP,ADMIN_DOWN
ARG-3408-2,Ethernet2/12,CISCO-AVAGO,QSFP-100G-SR4-S,N/A,AVF2124G28T,UP
ARG-3408-2,Ethernet2/13,CISCO-AVAGO,QSFP-100G-SR4-S,N/A,AVF2225S1TH,UP
ARG-3408-2,Ethernet2/14,CISCO-AVAGO,QSFP-100G-SR4-S,N/A,AVF2109G08T,UP
ARG-3408-2,Ethernet3/1,CISCO-AVAGO,QSFP-100G-SR4-S,N/A,AVF2129G2C1,ADMIN_DOWN
ARG-3408-2,Ethernet3/2,CISCO-AVAGO,QSFP-100G-SR4-S,N/A,AVF2129G2P5,ADMIN_DOWN
ARG-3408-2,Ethernet3/6,CISCO-AVAGO,QSFP-100G-SR4-S,N/A,AVF2126G36D,ADMIN_DOWN
ARG-3408-2,Ethernet3/7,CISCO-INNOLIGHT,QSFP-100G-SR4-S,N/A,INL25380BUF,DOWN
ARG-3408-2,Ethernet3/8,CISCO-AVAGO,QSFP-100G-SR4-S,N/A,AVF2129G2C9,DOWN
ARG-3408-2,Ethernet4/3,CISCO-AVAGO,QSFP-40G-SR4-S,N/A,AVP2304S2J1,ADMIN_DOWN
ARG-3408-2,Ethernet4/6,CISCO-AVAGO,QSFP-100G-SR4-S,N/A,AVF2215S10N,ADMIN_DOWN
ARG-3408-2,Ethernet5/6,CISCO-AVAGO,QSFP-100G-SR4-S,N/A,AVF2229S2EG,ADMIN_DOWN
ARG-3408-2,Ethernet6/6,CISCO-AVAGO,QSFP-100G-SR4-S,N/A,AVF2413S0GF,ADMIN_DOWN
ARG-3408-2,Ethernet7/6,CISCO-AVAGO,QSFP-100G-SR4-S,N/A,AVF2413S04Y,ADMIN_DOWN
BRC-55a1,HundredGigE0/0/0/1,Cisco QSFP28 100G SR4 Pluggable Optics Module,QSFP-100G-SR4-S,V01,AVF2102G0CW,UP/UP
BRC-55a1,HundredGigE0/0/0/2,Cisco QSFP28 100G SR4 Pluggable Optics Module,QSFP-100G-SR4-S,V01,AVF2015G0AS,DOWN/DOWN
BRC-55a1,HundredGigE0/0/0/3,Cisco QSFP28 100G SR4 Pluggable Optics Module,QSFP-100G-SR4-S,V03,AVF2237S05Y,DOWN/DOWN
BRC-55a1,HundredGigE0/0/0/4,Cisco QSFP28 100G AOC Pluggable Optics Module,QSFP-100G-AOC10M,V02,FIW2144018S-B,UP/UP
BRC-8201,HundredGigE0/0/0/0,Cisco QSFP28 100G SR4 Pluggable Optics Module,QSFP-100G-SR4-S,V01,AVF2126G1MJ,UP/UP
BRC-8201,HundredGigE0/0/0/1,Cisco QSFP28 100G SR4 Pluggable Optics Module,QSFP-100G-SR4-S,V03,INL23351536,UP/UP
BRC-8201,HundredGigE0/0/0/2,Cisco QSFP28 100G SR4 Pluggable Optics Module,QSFP-100G-SR4-S,V03,FIW250302J8,DOWN/DOWN
BRC-8201,HundredGigE0/0/0/3,Cisco QSFP28 100G SR4 Pluggable Optics Module,QSFP-100G-SR4-S,V02,AVF2212S0Y2,UP/UP
BRC-8201,HundredGigE0/0/0/4,Cisco QSFP28 100G SR4 Pluggable Optics Module,QSFP-100G-SR4-S,V01,AVF2113G12G,UP/UP
BRC-8201,HundredGigE0/0/0/5,Cisco QSFP28 100G SR4 Pluggable Optics Module,QSFP-100G-SR4-S,V03,FIW250302RB,UP/UP
BRC-8201,HundredGigE0/0/0/6,Cisco QSFP28 100G SR4 Pluggable Optics Module,QSFP-100G-SR4-S,V01,AVF2125G1V6,UP/UP
BRC-8201,HundredGigE0/0/0/7,Cisco QSFP28 100G SR4 Pluggable Optics Module,QSFP-100G-SR4-S,V03,FIW250302HU,UP/UP
BRC-8201,HundredGigE0/0/0/20,Cisco QSFP28 100G SR4 Pluggable Optics Module,QSFP-100G-SR4-S,V01,AVF2111G06F,UP/UP
BRC-8201,HundredGigE0/0/0/21,Cisco QSFP28 100G AOC Pluggable Optics Module,QSFP-100G-AOC10M,V02,FIW2144023H-B,UP/UP
BRC-8201,HundredGigE0/0/0/24,Cisco QSFP28 100G AOC Pluggable Optics Module,QSFP-100G-AOC15M,V03,DTS2415A946-B,DOWN/DOWN
BRC-8201,HundredGigE0/0/0/25,Cisco QSFP28 100G AOC Pluggable Optics Module,QSFP-100G-AOC15M,V03,DTS2415A958-B,DOWN/DOWN
CRE-9364-1,"""Chassis""","""Nexus9000 C9364D-GX2A Chassis""",N9K-C9364D-GX2A,N/A,FDO26490P3Z,DOWN
CRE-9364-1,"""Slot 1""","""64x400G QSFP-DD + 2x10G SFP+ Ethernet Module""",N9K-C9364D-GX2A,N/A,FDO26490P3Z,DOWN
CRE-9364-1,"""Slot 27""","""64x400G QSFP-DD + 2x10G SFP+ Ethernet Module""",N9K-C9364D-GX2A,N/A,FDO26490P3Z,DOWN
CRE-9364-1,"""Power Supply 1""","""Nexus9000 C9364D-GX2A Chassis Power Supply""",NXA-PAC-3200W-PI,N/A,DTM262700FT,DOWN
CRE-9364-1,"""Power Supply 2""","""Nexus9000 C9364D-GX2A Chassis Power Supply""",NXA-PAC-3200W-PI,N/A,DTM262700FP,DOWN
CRE-9364-1,"""Fan 1""","""Nexus9000 C9364D-GX2A Chassis Fan Module""",NXASFAN-160CFM2PI,N/A,N/A,DOWN
CRE-9364-1,"""Fan 2""","""Nexus9000 C9364D-GX2A Chassis Fan Module""",NXASFAN-160CFM2PI,N/A,N/A,DOWN
CRE-9364-1,"""Fan 3""","""Nexus9000 C9364D-GX2A Chassis Fan Module""",NXASFAN-160CFM2PI,N/A,N/A,DOWN
CRE-9364-1,"""Fan 4""","""Nexus9000 C9364D-GX2A Chassis Fan Module""",NXASFAN-160CFM2PI,N/A,N/A,DOWN
CRE-9364-1,Ethernet1/3,CISCO-FINISAR,SFP-10/25G-CSR,N/A,FNS2604018D,ADMIN_DOWN
CRE-9364-1,Ethernet1/41,CISCO-FOIT,QSFP-40/100-SRBD,N/A,FOF2319N1YP,ADMIN_DOWN
CRE-9364-1,Ethernet1/42,CISCO-FOIT,QSFP-40/100-SRBD,N/A,FOF2208N01H,ADMIN_DOWN
CRE-9364-1,Ethernet1/43,CISCO-FOIT,QSFP-40/100-SRBD,N/A,FOF2207N1AU,ADMIN_DOWN
CRE-9364-1,Ethernet1/44,CISCO-CIG,QDD-400G-FR4-S,N/A,CGC25230345,ADMIN_DOWN
CRE-9364-1,Ethernet1/45,CISCO-AVAGO,QSFP-100G-SR4-S,N/A,AVF2212S0Y3,ADMIN_DOWN
CRE-9364-1,Ethernet1/46,CISCO-INNOLIGHT,QSFP-100G-SR4-S,N/A,INL23351392,ADMIN_DOWN
CRE-9364-1,Ethernet1/53,CISCO-INNOLIGHT,QSFP-100G-SR4-S,N/A,INL23351411,ADMIN_DOWN
CRE-9364-1,Ethernet1/59,CISCO-INNOLIGHT,QSFP-100G-SR4-S,N/A,INP264800EP,ADMIN_DOWN
CRE-9364-1,Ethernet1/61,CISCO-INNOLIGHT,QSFP-100G-SR4-S,N/A,INP2831006F,UP
CRE-9364-1,Ethernet1/65,CISCO-SUMITOMO,SFP-10G-SR,N/A,SPC151801N7,UP